Tier,name
Number,202-555-0191
Number,202-555-0176
Number,202-555-0126
Number,202-555-0153
Number,202-555-0170
Number,617-555-0180
Number,(617)-555-0102
Number,+1617-555-0114
Number,1617-555-0168
Number,(617)-555-0129
Number,(617)-555-0180
Names,Riva Threlkeld  
Names,Vania Sterling  
Names,Kimberly Krenz  
Names,Tinisha Malmberg  
Names,Cythia Campa  
Names,Aide Whitehorn  
Names,Evalyn Lochner  
Names,Oliva Bash  
Names,Lamonica Earheart  
Names,Matt Beaudoin  
Names,Matthew Minnix  
Names,Mat Osbourne  
Names,Matthew Chaffee  
Names,Arie Mckenny  
Names,Lynnette Alas  
Names,Jeanett Kessler  
Names,Marivel Beal  
Names,Golden Pelletier  
Names,Veronique Bolds  
Names,Caridad Poage  
City,Hello (New York)
City,Hello (Miami)
City,Hello (Chicago)
City,Hello (Dallas)
City,Hello123
Other,Hello456
Other,Hello789
Other,CaMeL